amfi_code,tracking_error
100033,0.18936710835214174
119598,0.25140578624384674
120505,0.19290949406318192
120843,0.1588698652360925
148567,0.14193706754620344
